従業員ID,従業員番号,氏名,所属支店ID,役職,経験年数,スキルレベル,雇用形態,入社年月,研修受講回数
1,EMP000001,高橋 舞,1,支店長,22,上級,正社員,2003-03-24,27
2,EMP000002,木村 智也,1,副支店長,30,上級,正社員,1995-06-06,37
3,EMP000003,吉田 未来,1,副支店長,18,上級,正社員,2007-08-05,26
4,EMP000004,中村 明,1,課長,12,中級,正社員,2013-12-07,19
5,EMP000005,吉田 秀樹,1,課長,18,上級,正社員,2007-02-12,25
6,EMP000006,山田 麻衣,1,課長,13,中級,正社員,2012-11-02,22
7,EMP000007,松本 舞,1,課長,24,上級,正社員,2001-06-21,34
8,EMP000008,伊藤 陽子,1,係長,14,中級,正社員,2011-07-29,11
9,EMP000009,吉田 剛,1,係長,10,中級,正社員,2015-06-14,8
10,EMP000010,森 愛,1,係長,20,上級,正社員,2006-01-16,18
11,EMP000011,佐々木 剛,1,係長,20,上級,パート,2005-12-20,19
12,EMP000012,斎藤 剛,1,係長,13,中級,パート,2012-02-26,10
13,EMP000013,小川 沙織,1,係長,9,中級,正社員,2016-02-01,9
14,EMP000014,鈴木 恵子,1,主任,7,中級,正社員,2018-02-21,5
15,EMP000015,斎藤 直美,1,主任,12,中級,正社員,2013-04-02,10
16,EMP000016,中村 美香,1,主任,5,中級,正社員,2020-08-09,5
17,EMP000017,阿部 秀樹,1,主任,11,中級,パート,2014-06-16,9
18,EMP000018,伊藤 直美,1,主任,11,中級,正社員,2014-12-24,9
19,EMP000019,田中 裕子,1,主任,10,中級,正社員,2015-09-15,11
20,EMP000020,吉田 美穂,1,主任,7,中級,正社員,2018-10-02,7
21,EMP000021,山崎 剛,1,主任,15,上級,派遣,2010-02-03,13
22,EMP000022,佐々木 未来,1,主任,8,中級,パート,2017-03-13,7
23,EMP000023,森 誠,1,一般職員,1,初級,パート,2024-09-21,5
24,EMP000024,森 香織,1,一般職員,8,中級,正社員,2017-12-15,9
25,EMP000025,小林 翔太,1,一般職員,2,初級,正社員,2023-12-20,2
26,EMP000026,田中 拓也,1,一般職員,10,中級,正社員,2015-05-26,8
27,EMP000027,松本 裕子,1,一般職員,8,中級,正社員,2017-02-11,8
28,EMP000028,井上 真由美,1,一般職員,10,中級,パート,2015-02-16,10
29,EMP000029,山田 美穂,1,一般職員,10,中級,正社員,2015-06-03,9
30,EMP000030,佐々木 翔太,1,一般職員,5,中級,正社員,2020-02-06,6
31,EMP000031,小林 翔太,1,一般職員,5,中級,派遣,2020-05-21,5
32,EMP000032,井上 拓也,1,一般職員,10,中級,正社員,2015-11-15,9
33,EMP000033,松本 一郎,1,一般職員,0,初級,パート,2025-12-08,5
34,EMP000034,渡辺 花子,1,一般職員,3,初級,正社員,2022-09-16,2
35,EMP000035,伊藤 剛,1,一般職員,1,初級,派遣,2025-01-06,4
36,EMP000036,伊藤 彩,1,一般職員,3,初級,正社員,2022-10-10,2
37,EMP000037,池田 恵子,1,一般職員,8,中級,正社員,2017-02-13,7
38,EMP000038,山下 明,1,一般職員,3,初級,正社員,2022-02-27,3
39,EMP000039,山本 彩,1,一般職員,5,中級,正社員,2020-05-15,7
40,EMP000040,山下 健,1,一般職員,4,初級,正社員,2021-08-30,6
41,EMP000041,清水 博,1,一般職員,2,初級,正社員,2023-02-18,1
42,EMP000042,森 健太,1,一般職員,10,中級,正社員,2015-07-06,9
43,EMP000043,藤田 拓也,1,一般職員,5,中級,正社員,2020-11-20,5
44,EMP000044,田中 裕介,2,支店長,32,上級,正社員,1993-04-15,39
45,EMP000045,山崎 拓也,2,副支店長,17,上級,正社員,2009-01-13,26
46,EMP000046,前田 裕介,2,課長,23,上級,正社員,2002-04-06,32
47,EMP000047,松本 翔太,2,課長,19,上級,正社員,2006-10-15,26
48,EMP000048,加藤 健太,2,課長,24,上級,正社員,2001-10-05,32
49,EMP000049,山口 麻衣,2,係長,14,中級,派遣,2011-11-12,14
50,EMP000050,森 拓也,2,係長,17,上級,正社員,2008-10-14,15
51,EMP000051,山口 沙織,2,係長,14,中級,正社員,2011-05-28,11
52,EMP000052,清水 裕子,2,係長,15,上級,パート,2010-06-08,13
53,EMP000053,中村 健太,2,係長,15,上級,正社員,2010-05-03,14
54,EMP000054,伊藤 彩,2,主任,11,中級,派遣,2014-02-05,11
55,EMP000055,佐藤 翔太,2,主任,7,中級,正社員,2018-07-01,8
56,EMP000056,加藤 美香,2,主任,5,中級,正社員,2020-09-30,4
57,EMP000057,松本 剛,2,主任,6,中級,正社員,2019-08-14,7
58,EMP000058,池田 理恵,2,主任,10,中級,パート,2015-08-18,11
59,EMP000059,中村 浩,2,主任,7,中級,正社員,2018-04-15,8
60,EMP000060,山下 剛,2,主任,7,中級,正社員,2018-02-19,6
61,EMP000061,山口 大輔,2,一般職員,0,初級,正社員,2025-05-27,4
62,EMP000062,藤田 智也,2,一般職員,9,中級,正社員,2016-05-23,9
63,EMP000063,加藤 健,2,一般職員,1,初級,パート,2024-06-22,3
64,EMP000064,山崎 和也,2,一般職員,0,初級,正社員,2025-06-18,5
65,EMP000065,山本 大輔,2,一般職員,6,中級,パート,2019-03-10,5
66,EMP000066,松本 舞,2,一般職員,7,中級,正社員,2018-04-11,5
67,EMP000067,斎藤 花子,2,一般職員,1,初級,パート,2024-11-13,4
68,EMP000068,中村 綾子,2,一般職員,10,中級,パート,2015-12-29,9
69,EMP000069,松本 未来,2,一般職員,1,初級,正社員,2024-02-19,5
70,EMP000070,阿部 陽子,2,一般職員,5,中級,正社員,2020-02-21,4
71,EMP000071,石川 優子,2,一般職員,4,初級,パート,2021-12-27,4
72,EMP000072,高橋 翔太,2,一般職員,3,初級,正社員,2022-11-23,5
73,EMP000073,吉田 明,2,一般職員,2,初級,正社員,2023-09-18,3
74,EMP000074,清水 一郎,2,一般職員,0,初級,派遣,2025-04-25,5
75,EMP000075,吉田 健太,2,一般職員,3,初級,パート,2022-07-09,4
76,EMP000076,藤田 健,2,一般職員,5,中級,正社員,2020-11-20,5
77,EMP000077,藤田 健太,2,一般職員,5,中級,正社員,2020-03-17,4
78,EMP000078,吉田 裕子,2,一般職員,7,中級,正社員,2018-03-20,8
79,EMP000079,橋本 拓也,2,一般職員,6,中級,正社員,2019-05-17,4
80,EMP000080,木村 由美,3,支店長,34,上級,正社員,1991-02-01,40
81,EMP000081,中村 明,3,副支店長,21,上級,正社員,2004-03-12,26
82,EMP000082,田中 浩,3,課長,22,上級,正社員,2003-02-04,29
83,EMP000083,中島 大輔,3,課長,23,上級,正社員,2002-09-27,29
84,EMP000084,石川 一郎,3,係長,9,中級,正社員,2016-04-29,8
85,EMP000085,小林 明,3,係長,17,上級,正社員,2008-08-20,13
86,EMP000086,池田 美香,3,係長,14,中級,正社員,2011-12-03,13
87,EMP000087,加藤 裕介,3,主任,9,中級,パート,2016-09-24,10
88,EMP000088,清水 隆,3,主任,9,中級,正社員,2016-11-10,7
89,EMP000089,渡辺 一郎,3,主任,8,中級,正社員,2017-09-26,6
90,EMP000090,前田 秀樹,3,主任,15,上級,正社員,2011-01-02,12
91,EMP000091,斎藤 智也,3,主任,10,中級,正社員,2015-11-27,11
92,EMP000092,佐藤 健,3,一般職員,5,中級,正社員,2020-04-01,7
93,EMP000093,高橋 大輔,3,一般職員,5,中級,正社員,2020-01-30,5
94,EMP000094,山本 智子,3,一般職員,0,初級,正社員,2025-04-01,4
95,EMP000095,清水 由美,3,一般職員,5,中級,正社員,2020-08-03,6
96,EMP000096,池田 直樹,3,一般職員,5,中級,正社員,2020-04-05,4
97,EMP000097,中村 美香,3,一般職員,3,初級,正社員,2022-11-11,5
98,EMP000098,山本 明,3,一般職員,5,中級,正社員,2020-02-25,7
99,EMP000099,藤田 太郎,3,一般職員,4,初級,パート,2021-11-02,4
100,EMP000100,鈴木 直美,3,一般職員,3,初級,パート,2022-03-01,2
101,EMP000101,山田 一郎,3,一般職員,9,中級,正社員,2016-04-30,10
102,EMP000102,斎藤 博,3,一般職員,6,中級,正社員,2019-07-18,4
103,EMP000103,斎藤 智子,3,一般職員,8,中級,正社員,2017-05-07,8
104,EMP000104,伊藤 綾子,4,支店長,27,上級,正社員,1998-09-27,35
105,EMP000105,加藤 未来,4,副支店長,22,上級,正社員,2003-09-13,29
106,EMP000106,森 大輔,4,副支店長,15,上級,正社員,2010-05-28,20
107,EMP000107,石川 大輔,4,課長,16,上級,正社員,2009-10-28,24
108,EMP000108,清水 花子,4,課長,25,上級,正社員,2000-12-24,35
109,EMP000109,小川 花子,4,課長,23,上級,正社員,2002-12-10,29
110,EMP000110,山崎 直美,4,課長,21,上級,正社員,2004-07-26,27
111,EMP000111,森 拓也,4,係長,8,中級,正社員,2017-05-05,7
112,EMP000112,中村 雄大,4,係長,12,中級,正社員,2013-10-21,12
113,EMP000113,石川 美香,4,係長,8,中級,正社員,2017-10-18,7
114,EMP000114,森 裕子,4,係長,16,上級,正社員,2009-01-22,12
115,EMP000115,藤田 大輔,4,係長,8,中級,正社員,2017-03-26,7
116,EMP000116,池田 理恵,4,係長,10,中級,正社員,2015-10-08,9
117,EMP000117,森 太郎,4,主任,5,中級,正社員,2020-12-18,7
118,EMP000118,山本 健太,4,主任,11,中級,正社員,2014-09-14,8
119,EMP000119,木村 明,4,主任,8,中級,派遣,2017-07-10,8
120,EMP000120,石川 綾子,4,主任,10,中級,パート,2015-05-01,11
121,EMP000121,佐々木 拓也,4,主任,10,中級,正社員,2015-12-12,11
122,EMP000122,中島 沙織,4,主任,15,上級,正社員,2010-11-20,15
123,EMP000123,中島 直樹,4,主任,12,中級,正社員,2013-08-08,12
124,EMP000124,中島 明,4,主任,11,中級,パート,2014-12-07,11
125,EMP000125,森 裕介,4,一般職員,3,初級,正社員,2022-04-09,2
126,EMP000126,藤田 香織,4,一般職員,4,初級,正社員,2021-03-24,6
127,EMP000127,前田 智子,4,一般職員,8,中級,正社員,2017-02-07,8
128,EMP000128,橋本 健,4,一般職員,6,中級,正社員,2019-04-27,7
129,EMP000129,中島 優子,4,一般職員,5,中級,派遣,2020-04-12,6
130,EMP000130,木村 直樹,4,一般職員,10,中級,正社員,2015-11-17,11
131,EMP000131,山田 雄大,4,一般職員,6,中級,正社員,2019-04-17,4
132,EMP000132,山崎 沙織,4,一般職員,5,中級,正社員,2020-07-15,6
133,EMP000133,小林 直美,4,一般職員,2,初級,パート,2023-05-07,4
134,EMP000134,中村 彩,4,一般職員,5,中級,正社員,2020-03-24,5
135,EMP000135,藤田 綾子,4,一般職員,9,中級,正社員,2016-12-27,8
136,EMP000136,森 翔太,4,一般職員,0,初級,正社員,2025-09-03,5
137,EMP000137,木村 由美,4,一般職員,0,初級,正社員,2026-01-07,4
138,EMP000138,松本 陽子,4,一般職員,8,中級,正社員,2017-04-16,6
139,EMP000139,吉田 博,4,一般職員,3,初級,正社員,2022-11-17,5
140,EMP000140,佐々木 沙織,4,一般職員,8,中級,パート,2017-09-20,8
141,EMP000141,田中 剛,4,一般職員,10,中級,パート,2015-04-18,9
142,EMP000142,斎藤 太郎,4,一般職員,1,初級,正社員,2024-05-17,4
143,EMP000143,山下 雄大,4,一般職員,8,中級,正社員,2017-06-10,8
144,EMP000144,加藤 裕子,5,支店長,21,上級,正社員,2004-08-05,28
145,EMP000145,小川 綾子,5,副支店長,20,上級,正社員,2005-05-14,27
146,EMP000146,山本 健,5,副支店長,27,上級,正社員,1998-09-16,37
147,EMP000147,池田 理恵,5,課長,14,中級,正社員,2011-09-06,23
148,EMP000148,石川 真由美,5,課長,14,中級,正社員,2011-07-09,19
149,EMP000149,前田 明,5,課長,14,中級,正社員,2011-05-27,23
150,EMP000150,森 香織,5,課長,16,上級,正社員,2009-04-13,26
151,EMP000151,山口 一郎,5,係長,11,中級,正社員,2014-02-10,8
152,EMP000152,池田 浩,5,係長,10,中級,正社員,2015-12-02,10
153,EMP000153,井上 智也,5,係長,15,上級,正社員,2010-06-24,14
154,EMP000154,森 恵子,5,係長,18,上級,正社員,2007-09-28,16
155,EMP000155,佐々木 由美,5,係長,18,上級,パート,2007-12-29,16
156,EMP000156,斎藤 舞,5,係長,9,中級,正社員,2016-02-07,8
157,EMP000157,吉田 裕介,5,主任,12,中級,パート,2013-07-15,11
158,EMP000158,中村 博,5,主任,10,中級,正社員,2015-06-23,8
159,EMP000159,小林 誠,5,主任,8,中級,正社員,2017-05-14,9
160,EMP000160,小川 一郎,5,主任,10,中級,正社員,2015-05-22,9
161,EMP000161,田中 香織,5,主任,13,中級,正社員,2012-10-23,13
162,EMP000162,藤田 健,5,主任,12,中級,正社員,2013-03-02,11
163,EMP000163,山下 剛,5,主任,9,中級,正社員,2016-10-23,7
164,EMP000164,小林 未来,5,主任,8,中級,派遣,2017-10-01,7
165,EMP000165,橋本 直樹,5,主任,6,中級,正社員,2019-03-16,7
166,EMP000166,佐藤 雄大,5,一般職員,1,初級,正社員,2024-02-10,5
167,EMP000167,佐藤 健,5,一般職員,5,中級,正社員,2020-08-23,5
168,EMP000168,加藤 剛,5,一般職員,8,中級,正社員,2017-11-26,7
169,EMP000169,山田 麻衣,5,一般職員,1,初級,正社員,2024-02-17,4
170,EMP000170,高橋 陽子,5,一般職員,6,中級,正社員,2019-12-24,5
171,EMP000171,松本 健,5,一般職員,5,中級,正社員,2020-05-01,5
172,EMP000172,鈴木 沙織,5,一般職員,8,中級,パート,2017-08-15,7
173,EMP000173,山崎 智也,5,一般職員,9,中級,正社員,2016-02-16,7
174,EMP000174,池田 雄大,5,一般職員,7,中級,正社員,2018-07-18,6
175,EMP000175,佐藤 香織,5,一般職員,1,初級,正社員,2024-02-07,4
176,EMP000176,佐々木 直美,5,一般職員,6,中級,正社員,2019-03-14,7
177,EMP000177,阿部 一郎,5,一般職員,3,初級,正社員,2022-05-02,3
178,EMP000178,山田 健,5,一般職員,4,初級,派遣,2021-04-27,3
179,EMP000179,山本 正,5,一般職員,8,中級,派遣,2017-11-07,7
180,EMP000180,渡辺 舞,5,一般職員,5,中級,パート,2020-02-27,6
181,EMP000181,中村 愛,5,一般職員,0,初級,正社員,2025-07-31,3
182,EMP000182,山口 沙織,5,一般職員,1,初級,正社員,2024-10-29,3
183,EMP000183,阿部 一郎,5,一般職員,3,初級,正社員,2022-04-14,3
184,EMP000184,鈴木 一郎,5,一般職員,4,初級,正社員,2021-03-08,4
185,EMP000185,井上 大輔,5,一般職員,1,初級,パート,2024-01-30,4
186,EMP000186,松本 陽子,5,一般職員,2,初級,正社員,2023-10-18,1
187,EMP000187,小川 裕介,5,一般職員,4,初級,正社員,2022-01-07,4
188,EMP000188,佐々木 誠,6,支店長,32,上級,正社員,1993-10-07,39
189,EMP000189,山本 一郎,6,副支店長,26,上級,正社員,1999-04-09,32
190,EMP000190,田中 正,6,課長,18,上級,正社員,2007-11-08,25
191,EMP000191,渡辺 拓也,6,課長,19,上級,正社員,2006-03-04,26
192,EMP000192,吉田 真由美,6,係長,8,中級,正社員,2017-05-18,9
193,EMP000193,小林 綾子,6,係長,20,上級,正社員,2005-12-25,18
194,EMP000194,山崎 直樹,6,係長,12,中級,正社員,2013-06-09,9
195,EMP000195,前田 愛,6,主任,11,中級,正社員,2014-08-11,9
196,EMP000196,山下 綾子,6,主任,13,中級,正社員,2012-08-14,10
197,EMP000197,伊藤 浩,6,主任,10,中級,正社員,2015-03-09,10
198,EMP000198,小林 一郎,6,主任,14,中級,パート,2011-04-28,14
199,EMP000199,田中 麻衣,6,主任,13,中級,正社員,2012-04-15,12
200,EMP000200,小林 智子,6,一般職員,7,中級,パート,2018-03-18,5
201,EMP000201,田中 博,6,一般職員,9,中級,正社員,2016-04-28,9
202,EMP000202,橋本 麻衣,6,一般職員,2,初級,正社員,2023-10-18,3
203,EMP000203,清水 花子,6,一般職員,5,中級,パート,2020-01-27,4
204,EMP000204,山本 翔太,6,一般職員,0,初級,正社員,2025-07-04,5
205,EMP000205,石川 未来,6,一般職員,3,初級,正社員,2022-06-02,4
206,EMP000206,中島 花子,6,一般職員,4,初級,正社員,2021-12-06,6
207,EMP000207,鈴木 太郎,6,一般職員,6,中級,正社員,2019-04-01,5
208,EMP000208,伊藤 誠,6,一般職員,1,初級,正社員,2024-03-02,3
209,EMP000209,井上 太郎,6,一般職員,8,中級,正社員,2017-06-25,6
210,EMP000210,佐藤 智子,6,一般職員,4,初級,正社員,2021-10-25,3
211,EMP000211,山口 翔太,6,一般職員,5,中級,パート,2020-11-07,4
212,EMP000212,山崎 陽子,6,一般職員,6,中級,正社員,2019-12-18,6
213,EMP000213,橋本 拓也,7,支店長,27,上級,正社員,1998-05-01,33
214,EMP000214,石川 裕子,7,副支店長,20,上級,正社員,2005-04-05,26
215,EMP000215,中村 健,7,副支店長,25,上級,正社員,2000-07-15,33
216,EMP000216,中村 雄大,7,課長,24,上級,正社員,2001-10-03,31
217,EMP000217,斎藤 裕介,7,課長,14,中級,正社員,2011-12-25,21
218,EMP000218,阿部 秀樹,7,課長,16,上級,正社員,2009-05-14,26
219,EMP000219,中島 一郎,7,課長,23,上級,正社員,2002-12-20,31
220,EMP000220,山崎 智也,7,係長,14,中級,パート,2011-03-18,14
221,EMP000221,藤田 美穂,7,係長,18,上級,正社員,2007-09-06,17
222,EMP000222,中村 健,7,係長,10,中級,正社員,2015-02-28,9
223,EMP000223,小川 未来,7,係長,11,中級,正社員,2014-07-23,8
224,EMP000224,井上 誠,7,係長,17,上級,正社員,2008-06-10,14
225,EMP000225,山口 明,7,係長,15,上級,正社員,2010-10-01,13
226,EMP000226,木村 直樹,7,係長,19,上級,正社員,2006-03-09,15
227,EMP000227,小林 翔太,7,主任,8,中級,正社員,2017-03-07,8
228,EMP000228,高橋 明,7,主任,5,中級,正社員,2020-09-07,6
229,EMP000229,山崎 正,7,主任,14,中級,正社員,2011-08-20,12
230,EMP000230,山田 明,7,主任,15,上級,正社員,2010-12-12,12
231,EMP000231,佐々木 雄大,7,主任,10,中級,正社員,2015-01-26,10
232,EMP000232,佐藤 由美,7,主任,15,上級,派遣,2010-09-08,14
233,EMP000233,伊藤 隆,7,主任,13,中級,正社員,2012-10-01,11
234,EMP000234,加藤 博,7,主任,7,中級,派遣,2018-03-30,8
235,EMP000235,佐々木 雄大,7,主任,15,上級,パート,2010-02-27,14
236,EMP000236,鈴木 恵子,7,主任,15,上級,パート,2010-11-07,15
237,EMP000237,鈴木 隆,7,一般職員,6,中級,正社員,2019-03-21,5
238,EMP000238,佐々木 舞,7,一般職員,10,中級,正社員,2015-03-26,9
239,EMP000239,山田 裕子,7,一般職員,6,中級,パート,2019-04-23,4
240,EMP000240,中村 一郎,7,一般職員,10,中級,正社員,2015-10-01,11
241,EMP000241,松本 舞,7,一般職員,6,中級,正社員,2019-01-30,7
242,EMP000242,井上 誠,7,一般職員,8,中級,正社員,2017-09-26,9
243,EMP000243,山田 和也,7,一般職員,0,初級,正社員,2025-04-09,3
244,EMP000244,藤田 正,7,一般職員,7,中級,正社員,2018-07-31,7
245,EMP000245,山下 明,7,一般職員,3,初級,正社員,2022-08-13,5
246,EMP000246,前田 雄大,7,一般職員,3,初級,正社員,2022-06-16,2
247,EMP000247,山本 博,7,一般職員,10,中級,正社員,2015-12-05,9
248,EMP000248,渡辺 花子,7,一般職員,1,初級,正社員,2025-01-02,5
249,EMP000249,小川 直樹,7,一般職員,8,中級,正社員,2017-04-03,6
250,EMP000250,井上 一郎,7,一般職員,3,初級,正社員,2022-12-21,4
251,EMP000251,山崎 直樹,7,一般職員,6,中級,正社員,2019-11-13,4
252,EMP000252,木村 正,7,一般職員,4,初級,正社員,2021-09-21,3
253,EMP000253,小川 裕子,7,一般職員,2,初級,正社員,2023-10-29,4
254,EMP000254,高橋 隆,7,一般職員,9,中級,正社員,2016-11-10,8
255,EMP000255,松本 香織,7,一般職員,7,中級,パート,2018-06-10,8
256,EMP000256,山口 正,7,一般職員,10,中級,正社員,2015-04-09,8
257,EMP000257,藤田 誠,7,一般職員,10,中級,正社員,2015-11-29,10
258,EMP000258,石川 一郎,7,一般職員,5,中級,パート,2020-06-15,7
259,EMP000259,前田 秀樹,7,一般職員,8,中級,パート,2017-08-28,6
260,EMP000260,伊藤 大輔,7,一般職員,1,初級,正社員,2024-12-09,4
261,EMP000261,前田 智子,7,一般職員,0,初級,正社員,2026-01-06,4
262,EMP000262,阿部 恵子,8,支店長,20,上級,正社員,2005-06-23,29
263,EMP000263,山崎 浩,8,副支店長,18,上級,正社員,2007-03-12,27
264,EMP000264,阿部 雄大,8,副支店長,24,上級,正社員,2001-03-27,33
265,EMP000265,藤田 優子,8,課長,25,上級,正社員,2000-04-09,34
266,EMP000266,渡辺 真由美,8,課長,16,上級,正社員,2009-11-19,24
267,EMP000267,小川 拓也,8,課長,24,上級,正社員,2001-06-17,33
268,EMP000268,山田 花子,8,課長,16,上級,正社員,2009-03-20,26
269,EMP000269,小川 恵子,8,係長,18,上級,正社員,2007-08-16,16
270,EMP000270,山崎 真由美,8,係長,17,上級,パート,2008-04-09,16
271,EMP000271,井上 正,8,係長,18,上級,正社員,2007-07-31,15
272,EMP000272,池田 花子,8,係長,9,中級,正社員,2016-04-29,7
273,EMP000273,山田 正,8,係長,11,中級,正社員,2015-01-08,8
274,EMP000274,高橋 智子,8,係長,11,中級,正社員,2014-06-06,11
275,EMP000275,石川 拓也,8,主任,11,中級,パート,2014-04-12,10
276,EMP000276,松本 誠,8,主任,9,中級,正社員,2016-04-04,8
277,EMP000277,渡辺 彩,8,主任,8,中級,パート,2017-06-06,8
278,EMP000278,渡辺 太郎,8,主任,10,中級,正社員,2015-08-10,9
279,EMP000279,池田 健太,8,主任,12,中級,パート,2013-09-16,9
280,EMP000280,加藤 隆,8,主任,6,中級,正社員,2019-03-20,6
281,EMP000281,清水 花子,8,主任,5,中級,正社員,2020-12-25,4
282,EMP000282,森 正,8,主任,5,中級,パート,2020-04-18,6
283,EMP000283,山口 優子,8,主任,9,中級,正社員,2016-11-09,9
284,EMP000284,山本 未来,8,一般職員,8,中級,正社員,2017-05-09,7
285,EMP000285,山下 直樹,8,一般職員,3,初級,正社員,2022-09-19,3
286,EMP000286,清水 香織,8,一般職員,0,初級,正社員,2025-05-07,5
287,EMP000287,斎藤 恵子,8,一般職員,1,初級,正社員,2024-11-24,3
288,EMP000288,清水 拓也,8,一般職員,9,中級,パート,2016-12-12,9
289,EMP000289,山本 直美,8,一般職員,6,中級,正社員,2019-11-17,4
290,EMP000290,佐藤 裕子,8,一般職員,8,中級,正社員,2017-08-23,7
291,EMP000291,藤田 隆,8,一般職員,9,中級,正社員,2016-07-26,10
292,EMP000292,藤田 智子,8,一般職員,6,中級,パート,2019-06-20,4
293,EMP000293,山田 健太,8,一般職員,3,初級,正社員,2022-05-26,4
294,EMP000294,高橋 和也,8,一般職員,2,初級,正社員,2023-05-25,2
295,EMP000295,中村 理恵,8,一般職員,5,中級,正社員,2020-02-24,4
296,EMP000296,渡辺 正,8,一般職員,0,初級,正社員,2025-10-09,3
297,EMP000297,木村 花子,8,一般職員,9,中級,正社員,2016-03-30,9
298,EMP000298,池田 直樹,8,一般職員,4,初級,正社員,2021-12-06,6
299,EMP000299,山崎 和也,8,一般職員,8,中級,正社員,2017-05-30,7
300,EMP000300,森 隆,8,一般職員,1,初級,正社員,2024-10-24,4
301,EMP000301,清水 正,8,一般職員,6,中級,正社員,2019-08-23,5
302,EMP000302,佐々木 裕介,8,一般職員,1,初級,正社員,2024-04-05,5
303,EMP000303,山本 花子,8,一般職員,8,中級,正社員,2017-12-28,7
304,EMP000304,阿部 太郎,8,一般職員,0,初級,正社員,2025-10-01,4
305,EMP000305,森 大輔,9,支店長,25,上級,正社員,2000-03-18,31
306,EMP000306,池田 智也,9,副支店長,16,上級,正社員,2009-08-17,21
307,EMP000307,斎藤 綾子,9,課長,23,上級,正社員,2002-05-08,30
308,EMP000308,松本 拓也,9,課長,15,上級,正社員,2010-11-19,24
309,EMP000309,山口 博,9,課長,20,上級,正社員,2005-11-16,29
310,EMP000310,加藤 智也,9,係長,13,中級,正社員,2012-09-28,12
311,EMP000311,加藤 一郎,9,係長,16,上級,正社員,2009-04-21,12
312,EMP000312,小林 彩,9,係長,13,中級,派遣,2012-02-23,10
313,EMP000313,鈴木 直樹,9,係長,11,中級,正社員,2014-04-28,11
314,EMP000314,山田 綾子,9,係長,12,中級,正社員,2013-10-12,11
315,EMP000315,高橋 直樹,9,主任,5,中級,正社員,2020-08-17,6
316,EMP000316,田中 健太,9,主任,9,中級,正社員,2016-06-09,10
317,EMP000317,渡辺 明,9,主任,14,中級,パート,2011-12-12,12
318,EMP000318,前田 隆,9,主任,10,中級,正社員,2015-03-19,10
319,EMP000319,阿部 美穂,9,主任,13,中級,パート,2012-11-15,13
320,EMP000320,井上 彩,9,主任,5,中級,正社員,2020-11-30,6
321,EMP000321,山本 明,9,主任,6,中級,パート,2019-06-19,4
322,EMP000322,田中 智子,9,一般職員,3,初級,パート,2022-08-12,2
323,EMP000323,渡辺 博,9,一般職員,4,初級,正社員,2021-04-10,5
324,EMP000324,池田 愛,9,一般職員,9,中級,正社員,2016-12-14,8
325,EMP000325,山下 誠,9,一般職員,5,中級,正社員,2020-05-31,5
326,EMP000326,橋本 愛,9,一般職員,4,初級,正社員,2021-06-12,5
327,EMP000327,加藤 拓也,9,一般職員,6,中級,正社員,2019-09-02,4
328,EMP000328,佐藤 健太,9,一般職員,0,初級,正社員,2025-08-12,4
329,EMP000329,小林 誠,9,一般職員,2,初級,正社員,2023-12-27,1
330,EMP000330,高橋 和也,9,一般職員,3,初級,正社員,2022-08-06,4
331,EMP000331,山本 和也,9,一般職員,4,初級,正社員,2021-12-05,6
332,EMP000332,井上 拓也,9,一般職員,1,初級,正社員,2025-01-04,5
333,EMP000333,橋本 陽子,9,一般職員,4,初級,パート,2022-01-03,3
334,EMP000334,田中 剛,9,一般職員,0,初級,正社員,2025-12-28,5
335,EMP000335,佐々木 太郎,9,一般職員,9,中級,正社員,2016-08-14,8
336,EMP000336,小林 裕子,9,一般職員,0,初級,正社員,2025-11-07,3
337,EMP000337,田中 博,9,一般職員,3,初級,正社員,2022-11-13,4
338,EMP000338,中島 花子,9,一般職員,6,中級,正社員,2019-12-19,4
339,EMP000339,橋本 綾子,9,一般職員,2,初級,正社員,2023-06-23,3
340,EMP000340,松本 由美,9,一般職員,5,中級,正社員,2020-12-02,5
341,EMP000341,佐藤 浩,10,支店長,30,上級,正社員,1995-01-24,37
342,EMP000342,山田 裕介,10,副支店長,26,上級,正社員,1999-09-24,34
343,EMP000343,山口 秀樹,10,課長,18,上級,正社員,2007-10-09,28
344,EMP000344,佐藤 太郎,10,課長,24,上級,正社員,2001-10-13,32
345,EMP000345,森 剛,10,課長,18,上級,正社員,2007-09-22,26
346,EMP000346,高橋 隆,10,係長,10,中級,パート,2015-07-23,9
347,EMP000347,山崎 大輔,10,係長,19,上級,正社員,2006-10-22,17
348,EMP000348,吉田 智也,10,係長,13,中級,正社員,2012-12-22,12
349,EMP000349,石川 明,10,係長,10,中級,正社員,2015-09-05,9
350,EMP000350,渡辺 舞,10,係長,12,中級,正社員,2013-05-03,10
351,EMP000351,佐々木 恵子,10,主任,5,中級,パート,2020-04-30,6
352,EMP000352,渡辺 誠,10,主任,10,中級,正社員,2015-02-19,11
353,EMP000353,阿部 正,10,主任,13,中級,パート,2012-01-25,12
354,EMP000354,中村 花子,10,主任,10,中級,パート,2015-09-14,11
355,EMP000355,木村 隆,10,主任,10,中級,正社員,2015-07-31,10
356,EMP000356,小林 綾子,10,主任,9,中級,正社員,2016-10-14,8
357,EMP000357,高橋 美香,10,主任,8,中級,正社員,2017-10-05,6
358,EMP000358,佐藤 秀樹,10,一般職員,1,初級,正社員,2024-05-14,4
359,EMP000359,鈴木 由美,10,一般職員,1,初級,正社員,2024-02-21,5
360,EMP000360,伊藤 博,10,一般職員,4,初級,正社員,2021-11-02,3
361,EMP000361,井上 雄大,10,一般職員,2,初級,正社員,2023-07-29,2
362,EMP000362,鈴木 沙織,10,一般職員,9,中級,派遣,2016-08-30,8
363,EMP000363,田中 直樹,10,一般職員,8,中級,正社員,2017-09-16,9
364,EMP000364,山田 拓也,10,一般職員,2,初級,パート,2023-10-29,2
365,EMP000365,清水 真由美,10,一般職員,0,初級,正社員,2025-11-15,3
366,EMP000366,山本 隆,10,一般職員,1,初級,パート,2024-10-18,5
367,EMP000367,鈴木 大輔,10,一般職員,1,初級,正社員,2025-01-09,3
368,EMP000368,前田 翔太,10,一般職員,3,初級,正社員,2022-04-15,5
369,EMP000369,中村 正,10,一般職員,1,初級,パート,2024-06-09,4
370,EMP000370,森 翔太,10,一般職員,0,初級,正社員,2025-03-10,4
371,EMP000371,吉田 博,10,一般職員,0,初級,正社員,2025-11-15,3
372,EMP000372,佐々木 剛,10,一般職員,6,中級,正社員,2020-01-05,6
373,EMP000373,藤田 健太,10,一般職員,0,初級,正社員,2025-11-14,5
374,EMP000374,山本 真由美,10,一般職員,8,中級,正社員,2017-03-28,9
375,EMP000375,高橋 智子,10,一般職員,6,中級,パート,2019-08-29,7
376,EMP000376,田中 美穂,11,支店長,35,上級,正社員,1991-01-07,43
377,EMP000377,阿部 裕介,11,副支店長,17,上級,正社員,2008-01-28,25
378,EMP000378,田中 太郎,11,副支店長,30,上級,正社員,1995-03-12,40
379,EMP000379,清水 美穂,11,課長,14,中級,正社員,2011-04-19,19
380,EMP000380,山下 優子,11,課長,23,上級,正社員,2002-03-29,31
381,EMP000381,山下 彩,11,課長,20,上級,正社員,2005-06-03,30
382,EMP000382,伊藤 拓也,11,課長,23,上級,正社員,2002-12-21,30
383,EMP000383,藤田 直美,11,課長,19,上級,正社員,2006-12-22,29
384,EMP000384,阿部 智子,11,係長,11,中級,正社員,2014-11-01,10
385,EMP000385,前田 智也,11,係長,14,中級,正社員,2011-07-03,12
386,EMP000386,高橋 愛,11,係長,8,中級,正社員,2017-07-30,8
387,EMP000387,山崎 拓也,11,係長,20,上級,正社員,2005-04-13,16
388,EMP000388,松本 和也,11,係長,8,中級,正社員,2017-07-23,8
389,EMP000389,伊藤 智也,11,係長,15,上級,派遣,2010-03-09,12
390,EMP000390,井上 隆,11,係長,19,上級,正社員,2006-07-03,18
391,EMP000391,小川 恵子,11,主任,13,中級,正社員,2012-07-04,13
392,EMP000392,森 彩,11,主任,15,上級,正社員,2010-04-04,15
393,EMP000393,鈴木 隆,11,主任,9,中級,正社員,2016-08-05,8
394,EMP000394,阿部 隆,11,主任,7,中級,正社員,2018-02-14,5
395,EMP000395,田中 正,11,主任,6,中級,派遣,2019-05-14,4
396,EMP000396,吉田 美香,11,主任,6,中級,パート,2019-10-11,5
397,EMP000397,橋本 麻衣,11,主任,7,中級,正社員,2018-10-06,5
398,EMP000398,鈴木 智也,11,主任,5,中級,正社員,2020-07-10,4
399,EMP000399,清水 雄大,11,主任,5,中級,パート,2020-08-23,7
400,EMP000400,小林 裕介,11,主任,12,中級,正社員,2013-07-15,12
401,EMP000401,佐々木 智也,11,主任,12,中級,パート,2013-04-02,9
402,EMP000402,清水 和也,11,一般職員,7,中級,正社員,2018-11-09,8
403,EMP000403,小川 優子,11,一般職員,0,初級,パート,2025-10-15,5
404,EMP000404,山崎 直美,11,一般職員,3,初級,パート,2022-09-21,3
405,EMP000405,山本 雄大,11,一般職員,1,初級,正社員,2024-08-27,4
406,EMP000406,山本 未来,11,一般職員,3,初級,正社員,2022-07-12,2
407,EMP000407,伊藤 沙織,11,一般職員,10,中級,派遣,2015-04-01,10
408,EMP000408,渡辺 剛,11,一般職員,5,中級,正社員,2020-04-23,6
409,EMP000409,小林 直樹,11,一般職員,2,初級,派遣,2023-10-20,3
410,EMP000410,山本 舞,11,一般職員,8,中級,正社員,2017-03-24,8
411,EMP000411,山田 正,11,一般職員,1,初級,正社員,2024-03-07,4
412,EMP000412,阿部 直樹,11,一般職員,4,初級,派遣,2021-11-07,6
413,EMP000413,前田 翔太,11,一般職員,2,初級,正社員,2023-08-26,2
414,EMP000414,藤田 隆,11,一般職員,3,初級,正社員,2022-07-20,2
415,EMP000415,清水 愛,11,一般職員,9,中級,正社員,2016-11-16,7
416,EMP000416,阿部 智子,11,一般職員,1,初級,正社員,2024-10-27,3
417,EMP000417,鈴木 直樹,11,一般職員,1,初級,正社員,2025-01-11,4
418,EMP000418,池田 一郎,11,一般職員,7,中級,正社員,2018-12-10,8
419,EMP000419,山崎 裕子,11,一般職員,9,中級,正社員,2016-03-12,7
420,EMP000420,石川 綾子,11,一般職員,8,中級,正社員,2017-05-02,8
421,EMP000421,石川 直美,11,一般職員,6,中級,パート,2019-07-26,7
422,EMP000422,伊藤 由美,11,一般職員,4,初級,正社員,2021-09-05,3
423,EMP000423,斎藤 麻衣,11,一般職員,7,中級,正社員,2018-06-07,8
424,EMP000424,渡辺 剛,11,一般職員,1,初級,正社員,2024-11-19,5
425,EMP000425,佐々木 雄大,11,一般職員,9,中級,正社員,2016-07-05,10
426,EMP000426,鈴木 剛,12,支店長,32,上級,正社員,1994-01-10,38
427,EMP000427,中村 智也,12,副支店長,19,上級,正社員,2006-08-24,25
428,EMP000428,中村 智也,12,副支店長,28,上級,正社員,1997-10-12,36
429,EMP000429,佐々木 明,12,課長,19,上級,正社員,2006-02-01,25
430,EMP000430,橋本 誠,12,課長,13,中級,正社員,2012-12-29,22
431,EMP000431,山口 未来,12,課長,20,上級,正社員,2005-05-14,28
432,EMP000432,中村 博,12,課長,22,上級,正社員,2003-01-29,27
433,EMP000433,池田 理恵,12,係長,10,中級,正社員,2015-04-02,8
434,EMP000434,小林 拓也,12,係長,16,上級,パート,2009-05-14,12
435,EMP000435,木村 愛,12,係長,20,上級,正社員,2005-12-30,16
436,EMP000436,橋本 健太,12,係長,11,中級,正社員,2014-07-01,10
437,EMP000437,森 陽子,12,係長,15,上級,正社員,2010-03-18,13
438,EMP000438,高橋 正,12,係長,16,上級,正社員,2009-01-22,13
439,EMP000439,伊藤 和也,12,主任,6,中級,正社員,2019-09-30,6
440,EMP000440,渡辺 誠,12,主任,15,上級,パート,2010-11-12,15
441,EMP000441,藤田 浩,12,主任,8,中級,正社員,2017-08-30,6
442,EMP000442,斎藤 彩,12,主任,11,中級,正社員,2014-11-06,9
443,EMP000443,森 隆,12,主任,13,中級,正社員,2012-11-24,11
444,EMP000444,伊藤 雄大,12,主任,8,中級,正社員,2017-03-03,8
445,EMP000445,佐々木 雄大,12,主任,5,中級,正社員,2020-08-06,5
446,EMP000446,斎藤 裕介,12,主任,15,上級,正社員,2010-05-08,15
447,EMP000447,木村 雄大,12,主任,10,中級,正社員,2015-02-28,9
448,EMP000448,石川 恵子,12,一般職員,7,中級,正社員,2018-03-10,6
449,EMP000449,石川 隆,12,一般職員,3,初級,パート,2022-10-31,3
450,EMP000450,山下 和也,12,一般職員,7,中級,正社員,2018-12-30,7
451,EMP000451,松本 健,12,一般職員,3,初級,正社員,2022-05-19,3
452,EMP000452,井上 太郎,12,一般職員,3,初級,正社員,2022-02-23,3
453,EMP000453,中島 直美,12,一般職員,5,中級,正社員,2020-03-19,7
454,EMP000454,山本 愛,12,一般職員,10,中級,正社員,2015-09-21,9
455,EMP000455,小川 直美,12,一般職員,5,中級,パート,2020-06-22,6
456,EMP000456,松本 裕介,12,一般職員,6,中級,正社員,2019-07-02,6
457,EMP000457,田中 智也,12,一般職員,7,中級,正社員,2018-01-20,8
458,EMP000458,橋本 裕子,12,一般職員,9,中級,正社員,2016-08-02,9
459,EMP000459,阿部 恵子,12,一般職員,9,中級,正社員,2016-10-26,7
460,EMP000460,佐々木 舞,12,一般職員,6,中級,正社員,2019-05-05,7
461,EMP000461,木村 明,12,一般職員,7,中級,正社員,2018-01-23,8
462,EMP000462,山下 秀樹,12,一般職員,1,初級,正社員,2024-02-28,4
463,EMP000463,小川 陽子,12,一般職員,4,初級,正社員,2021-02-09,4
464,EMP000464,斎藤 智子,12,一般職員,2,初級,正社員,2023-10-07,2
465,EMP000465,小林 花子,12,一般職員,5,中級,正社員,2020-02-13,7
466,EMP000466,小林 直美,12,一般職員,8,中級,正社員,2017-02-24,6
467,EMP000467,中村 麻衣,12,一般職員,8,中級,派遣,2017-02-11,7
468,EMP000468,田中 花子,12,一般職員,10,中級,正社員,2015-03-22,11
469,EMP000469,山崎 大輔,13,支店長,33,上級,正社員,1992-06-02,39
470,EMP000470,小林 沙織,13,副支店長,30,上級,正社員,1995-05-16,38
471,EMP000471,高橋 美穂,13,課長,20,上級,正社員,2005-04-03,27
472,EMP000472,清水 健太,13,課長,19,上級,正社員,2006-05-06,26
473,EMP000473,小林 麻衣,13,係長,14,中級,パート,2011-05-10,14
474,EMP000474,小林 裕介,13,係長,20,上級,パート,2005-05-17,16
475,EMP000475,山口 未来,13,係長,13,中級,正社員,2012-08-29,11
476,EMP000476,佐藤 真由美,13,主任,13,中級,正社員,2012-11-27,11
477,EMP000477,森 智也,13,主任,6,中級,正社員,2019-12-15,4
478,EMP000478,山口 太郎,13,主任,8,中級,正社員,2017-02-14,7
479,EMP000479,伊藤 未来,13,主任,12,中級,パート,2013-12-09,11
480,EMP000480,池田 正,13,一般職員,1,初級,パート,2024-03-16,3
481,EMP000481,山口 花子,13,一般職員,2,初級,正社員,2023-04-25,1
482,EMP000482,池田 隆,13,一般職員,0,初級,正社員,2025-08-19,3
483,EMP000483,阿部 秀樹,13,一般職員,3,初級,パート,2022-08-03,3
484,EMP000484,藤田 真由美,13,一般職員,7,中級,正社員,2018-04-20,7
485,EMP000485,鈴木 美穂,13,一般職員,3,初級,派遣,2022-12-28,4
486,EMP000486,山口 恵子,13,一般職員,4,初級,正社員,2021-10-20,5
487,EMP000487,田中 裕介,13,一般職員,3,初級,正社員,2023-01-07,4
488,EMP000488,小林 誠,13,一般職員,4,初級,正社員,2021-09-29,6
489,EMP000489,佐藤 美香,13,一般職員,8,中級,正社員,2017-05-11,8
490,EMP000490,山口 和也,14,支店長,32,上級,正社員,1993-03-12,38
491,EMP000491,田中 翔太,14,副支店長,28,上級,正社員,1997-02-28,34
492,EMP000492,池田 直樹,14,副支店長,23,上級,正社員,2002-05-14,29
493,EMP000493,中村 花子,14,課長,12,中級,正社員,2013-09-13,17
494,EMP000494,藤田 智也,14,課長,12,中級,正社員,2013-05-25,19
495,EMP000495,清水 裕子,14,課長,21,上級,正社員,2004-06-17,30
496,EMP000496,渡辺 香織,14,課長,25,上級,正社員,2000-07-26,30
497,EMP000497,伊藤 拓也,14,係長,15,上級,正社員,2010-07-10,14
498,EMP000498,中村 裕子,14,係長,18,上級,正社員,2007-11-10,17
499,EMP000499,斎藤 拓也,14,係長,15,上級,正社員,2011-01-15,12
500,EMP000500,山口 秀樹,14,係長,11,中級,正社員,2014-08-06,11
501,EMP000501,阿部 沙織,14,係長,12,中級,パート,2013-10-12,12
502,EMP000502,山下 博,14,係長,16,上級,正社員,2009-04-15,15
503,EMP000503,佐藤 健太,14,主任,10,中級,パート,2015-09-13,9
504,EMP000504,山崎 陽子,14,主任,9,中級,正社員,2016-08-26,8
505,EMP000505,小林 博,14,主任,10,中級,正社員,2015-12-03,8
506,EMP000506,松本 剛,14,主任,6,中級,正社員,2019-07-03,4
507,EMP000507,中村 和也,14,主任,7,中級,パート,2018-07-27,5
508,EMP000508,井上 美香,14,主任,7,中級,派遣,2018-06-02,6
509,EMP000509,阿部 太郎,14,主任,7,中級,正社員,2018-04-26,5
510,EMP000510,斎藤 舞,14,主任,15,上級,正社員,2010-10-11,14
511,EMP000511,池田 浩,14,一般職員,0,初級,派遣,2025-02-15,3
512,EMP000512,田中 博,14,一般職員,2,初級,正社員,2023-02-03,3
513,EMP000513,小川 秀樹,14,一般職員,9,中級,正社員,2016-05-05,10
514,EMP000514,松本 愛,14,一般職員,6,中級,正社員,2019-06-01,4
515,EMP000515,前田 雄大,14,一般職員,9,中級,正社員,2016-10-31,9
516,EMP000516,渡辺 由美,14,一般職員,9,中級,正社員,2016-07-19,9
517,EMP000517,山口 沙織,14,一般職員,6,中級,正社員,2019-03-01,7
518,EMP000518,山田 博,14,一般職員,2,初級,正社員,2023-08-18,1
519,EMP000519,鈴木 花子,14,一般職員,7,中級,正社員,2018-03-25,5
520,EMP000520,松本 大輔,14,一般職員,7,中級,パート,2018-10-26,8
521,EMP000521,佐藤 裕子,14,一般職員,10,中級,正社員,2015-12-28,10
522,EMP000522,吉田 裕子,14,一般職員,5,中級,正社員,2020-01-29,4
523,EMP000523,山本 舞,14,一般職員,2,初級,正社員,2023-08-29,3
524,EMP000524,木村 健太,14,一般職員,3,初級,正社員,2022-12-02,2
525,EMP000525,石川 恵子,14,一般職員,5,中級,正社員,2020-04-14,5
526,EMP000526,加藤 剛,14,一般職員,10,中級,パート,2015-06-27,10
527,EMP000527,木村 正,14,一般職員,2,初級,正社員,2023-04-12,2
528,EMP000528,前田 一郎,14,一般職員,10,中級,正社員,2015-08-18,8
529,EMP000529,前田 誠,14,一般職員,5,中級,正社員,2020-04-11,4
530,EMP000530,小川 雄大,15,支店長,21,上級,正社員,2004-06-22,29
531,EMP000531,藤田 裕子,15,副支店長,16,上級,正社員,2009-04-08,22
532,EMP000532,小林 正,15,課長,22,上級,正社員,2003-07-24,29
533,EMP000533,井上 麻衣,15,係長,10,中級,正社員,2015-08-31,8
534,EMP000534,斎藤 裕介,15,係長,20,上級,正社員,2005-06-15,17
535,EMP000535,森 理恵,15,主任,13,中級,派遣,2012-08-20,11
536,EMP000536,高橋 一郎,15,主任,14,中級,正社員,2011-01-21,11
537,EMP000537,山下 香織,15,主任,7,中級,正社員,2018-05-21,7
538,EMP000538,佐藤 隆,15,主任,9,中級,正社員,2016-12-06,10
539,EMP000539,山口 明,15,一般職員,4,初級,正社員,2021-02-28,4
540,EMP000540,池田 博,15,一般職員,5,中級,正社員,2020-06-22,6
541,EMP000541,池田 美香,15,一般職員,3,初級,正社員,2022-07-15,2
542,EMP000542,清水 真由美,15,一般職員,7,中級,パート,2018-07-02,5
543,EMP000543,田中 美穂,15,一般職員,1,初級,パート,2024-04-17,5
544,EMP000544,森 麻衣,15,一般職員,3,初級,正社員,2022-08-28,5
545,EMP000545,小林 健太,15,一般職員,10,中級,パート,2015-02-24,10
546,EMP000546,前田 太郎,15,一般職員,2,初級,正社員,2023-03-15,3
547,EMP000547,石川 雄大,15,一般職員,3,初級,正社員,2022-08-06,4
548,EMP000548,松本 未来,15,一般職員,1,初級,正社員,2024-06-02,4
549,EMP000549,斎藤 浩,16,支店長,22,上級,正社員,2003-03-05,28
550,EMP000550,山崎 誠,16,副支店長,21,上級,正社員,2004-06-01,27
551,EMP000551,山下 彩,16,課長,23,上級,正社員,2002-12-17,28
552,EMP000552,佐藤 未来,16,課長,17,上級,正社員,2008-03-20,26
553,EMP000553,橋本 健,16,課長,23,上級,正社員,2002-06-21,33
554,EMP000554,清水 智也,16,係長,13,中級,正社員,2012-05-05,11
555,EMP000555,石川 裕子,16,係長,20,上級,パート,2005-08-10,18
556,EMP000556,山口 健太,16,係長,14,中級,正社員,2011-04-16,12
557,EMP000557,井上 誠,16,係長,12,中級,パート,2013-08-20,12
558,EMP000558,鈴木 美穂,16,係長,10,中級,正社員,2015-05-01,11
559,EMP000559,藤田 隆,16,主任,7,中級,正社員,2018-06-07,6
560,EMP000560,井上 明,16,主任,5,中級,正社員,2020-06-29,4
561,EMP000561,小林 香織,16,主任,13,中級,正社員,2012-01-28,12
562,EMP000562,木村 舞,16,主任,11,中級,正社員,2014-01-28,9
563,EMP000563,小川 隆,16,主任,13,中級,正社員,2012-09-28,12
564,EMP000564,田中 真由美,16,主任,7,中級,正社員,2018-10-27,7
565,EMP000565,小川 一郎,16,主任,7,中級,正社員,2018-12-31,6
566,EMP000566,加藤 直樹,16,一般職員,2,初級,パート,2023-05-08,2
567,EMP000567,鈴木 陽子,16,一般職員,1,初級,正社員,2024-03-03,3
568,EMP000568,小林 智子,16,一般職員,6,中級,正社員,2019-02-18,7
569,EMP000569,井上 浩,16,一般職員,8,中級,正社員,2017-07-08,8
570,EMP000570,松本 香織,16,一般職員,8,中級,正社員,2017-08-02,8
571,EMP000571,井上 浩,16,一般職員,3,初級,正社員,2022-08-26,3
572,EMP000572,阿部 沙織,16,一般職員,4,初級,正社員,2021-06-18,5
573,EMP000573,中島 綾子,16,一般職員,5,中級,正社員,2020-07-05,5
574,EMP000574,石川 裕子,16,一般職員,0,初級,パート,2025-06-25,4
575,EMP000575,小林 正,16,一般職員,6,中級,正社員,2019-04-30,5
576,EMP000576,小林 由美,16,一般職員,9,中級,正社員,2016-07-11,8
577,EMP000577,松本 恵子,16,一般職員,2,初級,正社員,2023-01-18,3
578,EMP000578,小林 未来,16,一般職員,7,中級,正社員,2018-09-04,6
579,EMP000579,橋本 未来,16,一般職員,3,初級,正社員,2022-04-27,2
580,EMP000580,加藤 真由美,16,一般職員,3,初級,正社員,2022-02-18,3
581,EMP000581,石川 陽子,16,一般職員,10,中級,正社員,2015-07-21,9
582,EMP000582,山崎 由美,16,一般職員,9,中級,パート,2016-02-04,9
583,EMP000583,渡辺 浩,16,一般職員,6,中級,正社員,2019-11-23,4
584,EMP000584,佐々木 美香,16,一般職員,7,中級,正社員,2018-01-25,6
585,EMP000585,中島 美香,17,支店長,23,上級,正社員,2002-07-18,30
586,EMP000586,前田 裕子,17,副支店長,19,上級,正社員,2006-06-03,24
587,EMP000587,池田 真由美,17,課長,24,上級,正社員,2001-07-19,32
588,EMP000588,前田 隆,17,課長,20,上級,正社員,2005-04-10,28
589,EMP000589,井上 裕介,17,課長,20,上級,正社員,2005-10-20,25
590,EMP000590,中村 雄大,17,係長,16,上級,派遣,2009-05-04,14
591,EMP000591,橋本 剛,17,係長,14,中級,パート,2011-08-03,12
592,EMP000592,加藤 直樹,17,係長,9,中級,正社員,2016-10-27,7
593,EMP000593,中村 花子,17,係長,18,上級,正社員,2007-08-06,15
594,EMP000594,吉田 由美,17,係長,10,中級,パート,2015-10-18,10
595,EMP000595,山田 健太,17,主任,8,中級,パート,2017-07-01,6
596,EMP000596,田中 沙織,17,主任,10,中級,パート,2015-11-27,9
597,EMP000597,渡辺 隆,17,主任,10,中級,正社員,2015-03-30,8
598,EMP000598,吉田 舞,17,主任,5,中級,正社員,2020-07-09,4
599,EMP000599,中島 陽子,17,主任,8,中級,正社員,2017-10-26,6
600,EMP000600,中村 健太,17,主任,10,中級,パート,2015-03-17,9
601,EMP000601,中村 雄大,17,主任,13,中級,正社員,2012-10-22,10
602,EMP000602,伊藤 舞,17,主任,9,中級,正社員,2016-12-24,7
603,EMP000603,池田 太郎,17,一般職員,4,初級,正社員,2022-01-04,6
604,EMP000604,池田 太郎,17,一般職員,1,初級,正社員,2024-07-28,5
605,EMP000605,中村 太郎,17,一般職員,8,中級,パート,2017-09-30,9
606,EMP000606,井上 彩,17,一般職員,1,初級,正社員,2024-07-14,3
607,EMP000607,石川 恵子,17,一般職員,10,中級,正社員,2015-07-07,8
608,EMP000608,加藤 拓也,17,一般職員,4,初級,正社員,2021-02-05,3
609,EMP000609,木村 拓也,17,一般職員,6,中級,正社員,2019-05-14,6
610,EMP000610,池田 雄大,17,一般職員,1,初級,正社員,2024-02-09,4
611,EMP000611,中村 麻衣,17,一般職員,2,初級,パート,2023-07-15,3
612,EMP000612,吉田 博,17,一般職員,0,初級,正社員,2025-12-18,4
613,EMP000613,加藤 沙織,17,一般職員,2,初級,正社員,2023-10-21,1
614,EMP000614,清水 由美,17,一般職員,4,初級,正社員,2021-10-17,5
615,EMP000615,山口 隆,17,一般職員,6,中級,正社員,2019-07-27,5
616,EMP000616,山下 陽子,17,一般職員,3,初級,正社員,2022-03-30,4
617,EMP000617,田中 一郎,17,一般職員,9,中級,正社員,2016-09-08,10
618,EMP000618,中島 大輔,17,一般職員,0,初級,正社員,2025-12-19,3
619,EMP000619,山本 大輔,17,一般職員,3,初級,正社員,2022-11-24,3
620,EMP000620,橋本 優子,17,一般職員,0,初級,正社員,2025-10-19,5
621,EMP000621,藤田 麻衣,17,一般職員,6,中級,正社員,2019-08-03,5
622,EMP000622,山下 翔太,17,一般職員,6,中級,正社員,2019-10-01,6
623,EMP000623,山本 智也,18,支店長,26,上級,正社員,1999-04-13,34
624,EMP000624,鈴木 健太,18,副支店長,15,上級,正社員,2010-11-07,22
625,EMP000625,山田 翔太,18,課長,12,中級,正社員,2013-11-29,17
626,EMP000626,中村 大輔,18,課長,25,上級,正社員,2000-05-02,35
627,EMP000627,中村 陽子,18,課長,19,上級,正社員,2006-06-26,28
628,EMP000628,斎藤 彩,18,係長,8,中級,正社員,2017-07-02,6
629,EMP000629,伊藤 博,18,係長,13,中級,パート,2012-11-21,13
630,EMP000630,橋本 直樹,18,係長,9,中級,派遣,2016-11-14,8
631,EMP000631,加藤 花子,18,係長,12,中級,正社員,2013-06-06,11
632,EMP000632,清水 美香,18,主任,8,中級,正社員,2017-11-29,8
633,EMP000633,前田 綾子,18,主任,15,上級,正社員,2010-08-08,15
634,EMP000634,山本 大輔,18,主任,13,中級,正社員,2012-07-10,11
635,EMP000635,渡辺 雄大,18,主任,6,中級,正社員,2019-08-18,6
636,EMP000636,斎藤 博,18,主任,14,中級,パート,2011-10-01,12
637,EMP000637,井上 智也,18,主任,5,中級,正社員,2020-06-22,4
638,EMP000638,池田 秀樹,18,一般職員,1,初級,正社員,2024-01-22,3
639,EMP000639,高橋 浩,18,一般職員,6,中級,正社員,2019-04-30,7
640,EMP000640,伊藤 博,18,一般職員,7,中級,パート,2018-04-28,8
641,EMP000641,渡辺 健,18,一般職員,6,中級,パート,2019-11-23,5
642,EMP000642,吉田 恵子,18,一般職員,5,中級,正社員,2020-03-25,6
643,EMP000643,吉田 美香,18,一般職員,9,中級,正社員,2016-06-13,10
644,EMP000644,阿部 愛,18,一般職員,5,中級,正社員,2020-12-15,5
645,EMP000645,森 和也,18,一般職員,4,初級,正社員,2021-02-24,6
646,EMP000646,山田 智子,18,一般職員,7,中級,正社員,2019-01-09,6
647,EMP000647,井上 翔太,18,一般職員,4,初級,パート,2021-08-03,5
648,EMP000648,佐藤 秀樹,18,一般職員,6,中級,パート,2019-06-09,6
649,EMP000649,木村 浩,18,一般職員,0,初級,パート,2025-12-31,4
650,EMP000650,前田 博,18,一般職員,3,初級,正社員,2023-01-01,3
651,EMP000651,池田 花子,18,一般職員,5,中級,正社員,2020-03-22,7
652,EMP000652,阿部 明,18,一般職員,7,中級,パート,2018-06-19,8
653,EMP000653,田中 健,19,支店長,31,上級,正社員,1994-07-27,37
654,EMP000654,中村 一郎,19,副支店長,22,上級,正社員,2003-12-18,27
655,EMP000655,池田 愛,19,副支店長,29,上級,正社員,1996-09-12,37
656,EMP000656,前田 健太,19,課長,17,上級,正社員,2008-10-31,24
657,EMP000657,池田 直美,19,課長,25,上級,正社員,2000-12-27,33
658,EMP000658,中島 雄大,19,課長,19,上級,正社員,2006-04-08,26
659,EMP000659,橋本 雄大,19,課長,21,上級,正社員,2004-08-08,30
660,EMP000660,佐々木 裕介,19,係長,17,上級,正社員,2008-10-05,15
661,EMP000661,山下 秀樹,19,係長,16,上級,パート,2009-04-18,14
662,EMP000662,井上 健,19,係長,18,上級,正社員,2007-03-10,14
663,EMP000663,小林 陽子,19,係長,16,上級,正社員,2009-10-15,12
664,EMP000664,石川 雄大,19,係長,20,上級,正社員,2005-09-03,16
665,EMP000665,中村 理恵,19,係長,18,上級,正社員,2007-05-26,16
666,EMP000666,橋本 太郎,19,係長,11,中級,パート,2015-01-09,8
667,EMP000667,山下 太郎,19,主任,9,中級,正社員,2016-12-30,10
668,EMP000668,山田 雄大,19,主任,10,中級,正社員,2015-07-29,8
669,EMP000669,阿部 雄大,19,主任,11,中級,パート,2014-03-08,8
670,EMP000670,木村 直樹,19,主任,8,中級,パート,2017-10-08,6
671,EMP000671,山崎 明,19,主任,9,中級,正社員,2016-09-20,7
672,EMP000672,山下 剛,19,主任,6,中級,正社員,2019-02-24,6
673,EMP000673,山田 麻衣,19,主任,15,上級,正社員,2010-11-10,13
674,EMP000674,佐々木 雄大,19,主任,6,中級,パート,2019-12-15,7
675,EMP000675,中村 理恵,19,主任,14,中級,正社員,2011-03-24,11
676,EMP000676,鈴木 愛,19,主任,6,中級,正社員,2019-10-12,5
677,EMP000677,前田 秀樹,19,一般職員,7,中級,正社員,2018-12-20,5
678,EMP000678,加藤 拓也,19,一般職員,7,中級,正社員,2018-11-28,7
679,EMP000679,阿部 美香,19,一般職員,3,初級,正社員,2022-12-27,2
680,EMP000680,高橋 翔太,19,一般職員,1,初級,正社員,2024-10-11,4
681,EMP000681,中島 一郎,19,一般職員,7,中級,正社員,2018-04-23,8
682,EMP000682,中村 健,19,一般職員,7,中級,派遣,2018-06-05,7
683,EMP000683,山口 智子,19,一般職員,8,中級,正社員,2017-03-04,9
684,EMP000684,鈴木 雄大,19,一般職員,8,中級,正社員,2017-10-25,8
685,EMP000685,山下 健,19,一般職員,6,中級,正社員,2019-01-19,6
686,EMP000686,前田 智子,19,一般職員,6,中級,パート,2019-07-13,6
687,EMP000687,山本 香織,19,一般職員,3,初級,正社員,2022-10-24,2
688,EMP000688,橋本 智也,19,一般職員,6,中級,正社員,2019-02-03,4
689,EMP000689,木村 優子,19,一般職員,6,中級,派遣,2019-05-23,6
690,EMP000690,山田 美穂,19,一般職員,6,中級,正社員,2019-09-18,6
691,EMP000691,木村 博,19,一般職員,0,初級,パート,2025-10-23,3
692,EMP000692,橋本 博,19,一般職員,9,中級,パート,2016-09-25,7
693,EMP000693,吉田 直美,19,一般職員,4,初級,パート,2021-06-09,5
694,EMP000694,山下 香織,19,一般職員,6,中級,パート,2019-10-02,6
695,EMP000695,吉田 雄大,19,一般職員,4,初級,正社員,2021-05-24,4
696,EMP000696,中村 正,19,一般職員,6,中級,パート,2019-12-21,6
697,EMP000697,藤田 未来,19,一般職員,7,中級,正社員,2018-11-10,5
698,EMP000698,橋本 舞,19,一般職員,0,初級,正社員,2025-12-06,3
699,EMP000699,松本 太郎,19,一般職員,0,初級,正社員,2025-10-20,4
700,EMP000700,伊藤 誠,19,一般職員,9,中級,正社員,2016-07-10,8
701,EMP000701,木村 健太,20,支店長,28,上級,正社員,1997-05-08,34
702,EMP000702,山本 正,20,副支店長,17,上級,正社員,2008-12-15,24
703,EMP000703,鈴木 一郎,20,課長,20,上級,正社員,2006-01-11,26
704,EMP000704,吉田 一郎,20,課長,18,上級,正社員,2007-03-16,24
705,EMP000705,藤田 美穂,20,係長,12,中級,正社員,2013-02-20,12
706,EMP000706,高橋 誠,20,係長,12,中級,正社員,2013-09-08,9
707,EMP000707,吉田 剛,20,係長,8,中級,派遣,2017-10-26,9
708,EMP000708,斎藤 美香,20,主任,6,中級,正社員,2019-01-23,6
709,EMP000709,鈴木 秀樹,20,主任,15,上級,正社員,2010-02-04,15
710,EMP000710,阿部 直美,20,主任,7,中級,正社員,2018-07-28,6
711,EMP000711,前田 智也,20,主任,14,中級,パート,2011-11-10,11
712,EMP000712,小川 直美,20,一般職員,7,中級,正社員,2018-11-02,7
713,EMP000713,山下 香織,20,一般職員,5,中級,パート,2020-12-29,6
714,EMP000714,小川 拓也,20,一般職員,7,中級,正社員,2018-09-28,5
715,EMP000715,山崎 大輔,20,一般職員,10,中級,正社員,2015-05-03,11
716,EMP000716,清水 太郎,20,一般職員,4,初級,正社員,2021-10-03,3
717,EMP000717,山田 美香,20,一般職員,2,初級,正社員,2023-11-11,4
718,EMP000718,斎藤 誠,20,一般職員,9,中級,正社員,2016-02-25,10
719,EMP000719,高橋 直美,20,一般職員,8,中級,正社員,2017-12-03,6
720,EMP000720,山下 博,20,一般職員,7,中級,パート,2018-10-28,7
721,EMP000721,山田 麻衣,20,一般職員,3,初級,正社員,2022-01-20,3
722,EMP000722,森 和也,20,一般職員,10,中級,パート,2015-11-29,9
723,EMP000723,加藤 直美,21,支店長,35,上級,正社員,1990-06-19,44
724,EMP000724,吉田 太郎,21,副支店長,17,上級,正社員,2008-10-31,24
725,EMP000725,石川 太郎,21,課長,21,上級,正社員,2004-12-22,28
726,EMP000726,佐藤 明,21,係長,17,上級,正社員,2008-06-21,14
727,EMP000727,山崎 美香,21,係長,18,上級,正社員,2007-04-25,14
728,EMP000728,山本 直美,21,主任,6,中級,正社員,2019-09-12,5
729,EMP000729,加藤 麻衣,21,主任,5,中級,正社員,2020-08-28,4
730,EMP000730,鈴木 智子,21,主任,11,中級,正社員,2014-11-05,10
731,EMP000731,山田 博,21,主任,8,中級,パート,2017-02-04,9
732,EMP000732,森 直美,21,一般職員,0,初級,正社員,2025-04-08,5
733,EMP000733,佐々木 智也,21,一般職員,2,初級,正社員,2023-03-07,4
734,EMP000734,橋本 麻衣,21,一般職員,10,中級,正社員,2015-08-08,8
735,EMP000735,阿部 裕介,21,一般職員,0,初級,正社員,2025-05-29,3
736,EMP000736,加藤 誠,21,一般職員,4,初級,正社員,2021-02-09,4
737,EMP000737,小川 大輔,21,一般職員,0,初級,正社員,2025-12-17,5
738,EMP000738,清水 由美,21,一般職員,4,初級,正社員,2021-03-27,5
739,EMP000739,山本 浩,21,一般職員,9,中級,派遣,2016-09-20,7
740,EMP000740,藤田 正,21,一般職員,6,中級,正社員,2019-10-17,4
741,EMP000741,山下 舞,21,一般職員,6,中級,パート,2019-06-14,4
742,EMP000742,井上 剛,22,支店長,24,上級,正社員,2001-12-04,34
743,EMP000743,中村 愛,22,副支店長,29,上級,正社員,1996-06-14,38
744,EMP000744,松本 太郎,22,課長,25,上級,正社員,2000-01-29,30
745,EMP000745,中村 翔太,22,課長,23,上級,正社員,2002-08-28,29
746,EMP000746,石川 愛,22,係長,13,中級,正社員,2012-12-15,12
747,EMP000747,井上 直美,22,係長,18,上級,正社員,2007-06-11,17
748,EMP000748,清水 由美,22,係長,17,上級,正社員,2008-02-10,13
749,EMP000749,渡辺 剛,22,主任,8,中級,パート,2017-12-25,8
750,EMP000750,森 隆,22,主任,7,中級,正社員,2018-12-25,7
751,EMP000751,中村 翔太,22,主任,10,中級,正社員,2015-05-17,8
752,EMP000752,清水 麻衣,22,主任,14,中級,パート,2011-12-24,11
753,EMP000753,山崎 秀樹,22,一般職員,5,中級,正社員,2020-02-21,4
754,EMP000754,田中 翔太,22,一般職員,6,中級,正社員,2019-04-01,7
755,EMP000755,前田 雄大,22,一般職員,8,中級,パート,2017-06-13,9
756,EMP000756,山口 優子,22,一般職員,4,初級,正社員,2021-03-02,4
757,EMP000757,鈴木 正,22,一般職員,1,初級,パート,2024-12-06,3
758,EMP000758,斎藤 直樹,22,一般職員,10,中級,パート,2015-04-24,9
759,EMP000759,小林 智子,22,一般職員,1,初級,正社員,2024-09-18,5
760,EMP000760,橋本 花子,22,一般職員,2,初級,正社員,2023-10-13,3
761,EMP000761,吉田 大輔,22,一般職員,6,中級,正社員,2019-05-24,4
762,EMP000762,渡辺 翔太,22,一般職員,5,中級,正社員,2020-05-13,5
763,EMP000763,伊藤 陽子,23,支店長,33,上級,正社員,1992-10-22,41
764,EMP000764,山崎 舞,23,副支店長,17,上級,正社員,2008-07-04,22
765,EMP000765,藤田 裕子,23,課長,18,上級,正社員,2007-11-21,26
766,EMP000766,木村 健太,23,課長,24,上級,正社員,2001-03-29,30
767,EMP000767,山田 翔太,23,課長,15,上級,正社員,2010-01-22,21
768,EMP000768,鈴木 博,23,係長,12,中級,正社員,2013-03-28,11
769,EMP000769,小川 健,23,係長,10,中級,正社員,2015-11-08,10
770,EMP000770,山下 博,23,係長,18,上級,正社員,2007-07-13,15
771,EMP000771,渡辺 由美,23,係長,19,上級,パート,2006-02-02,17
772,EMP000772,山田 隆,23,主任,14,中級,正社員,2011-07-10,13
773,EMP000773,石川 正,23,主任,6,中級,正社員,2019-11-15,4
774,EMP000774,加藤 智子,23,主任,12,中級,正社員,2013-08-06,10
775,EMP000775,木村 沙織,23,主任,6,中級,正社員,2019-12-07,7
776,EMP000776,中村 一郎,23,主任,9,中級,正社員,2016-09-14,10
777,EMP000777,鈴木 健,23,主任,6,中級,派遣,2019-12-04,4
778,EMP000778,佐々木 裕介,23,主任,15,上級,正社員,2010-04-19,15
779,EMP000779,伊藤 愛,23,一般職員,3,初級,パート,2022-09-25,5
780,EMP000780,山下 健太,23,一般職員,9,中級,正社員,2016-11-02,8
781,EMP000781,山田 花子,23,一般職員,2,初級,正社員,2023-06-03,1
782,EMP000782,山下 明,23,一般職員,5,中級,正社員,2020-06-24,5
783,EMP000783,清水 愛,23,一般職員,6,中級,正社員,2019-09-30,7
784,EMP000784,田中 真由美,23,一般職員,0,初級,正社員,2025-03-31,3
785,EMP000785,松本 綾子,23,一般職員,3,初級,パート,2022-05-06,3
786,EMP000786,山下 恵子,23,一般職員,0,初級,正社員,2025-12-30,3
787,EMP000787,高橋 香織,23,一般職員,10,中級,正社員,2015-10-04,11
788,EMP000788,田中 優子,23,一般職員,6,中級,パート,2019-09-21,6
789,EMP000789,池田 直美,23,一般職員,10,中級,正社員,2015-06-15,9
790,EMP000790,小林 雄大,23,一般職員,4,初級,パート,2021-07-14,5
791,EMP000791,加藤 明,23,一般職員,4,初級,正社員,2021-11-10,6
792,EMP000792,阿部 理恵,23,一般職員,10,中級,正社員,2015-10-12,9
793,EMP000793,佐々木 香織,23,一般職員,4,初級,正社員,2021-06-30,4
794,EMP000794,中島 智子,23,一般職員,2,初級,正社員,2023-06-28,4
795,EMP000795,伊藤 雄大,24,支店長,22,上級,正社員,2003-02-20,30
796,EMP000796,斎藤 和也,24,副支店長,17,上級,正社員,2008-04-04,22
797,EMP000797,鈴木 舞,24,課長,25,上級,正社員,2000-12-29,30
798,EMP000798,高橋 健,24,課長,17,上級,正社員,2008-09-14,24
799,EMP000799,前田 太郎,24,係長,19,上級,パート,2006-04-08,16
800,EMP000800,田中 正,24,係長,15,上級,正社員,2010-10-01,13
801,EMP000801,藤田 優子,24,係長,12,中級,パート,2013-09-06,10
802,EMP000802,吉田 翔太,24,主任,8,中級,正社員,2017-09-06,8
803,EMP000803,松本 健,24,主任,9,中級,正社員,2016-05-29,7
804,EMP000804,前田 美穂,24,主任,15,上級,パート,2010-12-07,13
805,EMP000805,斎藤 智子,24,主任,14,中級,正社員,2011-11-04,11
806,EMP000806,渡辺 健,24,主任,6,中級,正社員,2019-11-06,4
807,EMP000807,阿部 美穂,24,一般職員,4,初級,正社員,2021-07-28,4
808,EMP000808,山田 秀樹,24,一般職員,4,初級,正社員,2021-04-13,6
809,EMP000809,清水 和也,24,一般職員,8,中級,正社員,2017-04-20,9
810,EMP000810,藤田 花子,24,一般職員,0,初級,パート,2025-05-01,4
811,EMP000811,佐藤 香織,24,一般職員,6,中級,正社員,2019-02-02,7
812,EMP000812,佐々木 愛,24,一般職員,2,初級,正社員,2023-12-14,4
813,EMP000813,前田 大輔,24,一般職員,8,中級,正社員,2017-09-10,6
814,EMP000814,山口 沙織,24,一般職員,8,中級,パート,2017-02-15,6
815,EMP000815,池田 舞,24,一般職員,1,初級,正社員,2024-02-20,4
816,EMP000816,高橋 翔太,24,一般職員,0,初級,正社員,2025-11-09,4
817,EMP000817,高橋 拓也,24,一般職員,5,中級,正社員,2020-11-20,7
818,EMP000818,藤田 美穂,24,一般職員,7,中級,パート,2018-07-22,6
819,EMP000819,小林 由美,24,一般職員,10,中級,パート,2015-03-18,11
820,EMP000820,伊藤 太郎,24,一般職員,9,中級,パート,2016-02-20,7
821,EMP000821,山崎 太郎,25,支店長,24,上級,正社員,2001-12-06,34
822,EMP000822,山崎 陽子,25,副支店長,27,上級,正社員,1998-04-25,32
823,EMP000823,山本 美穂,25,課長,12,中級,正社員,2013-03-28,20
824,EMP000824,橋本 綾子,25,課長,17,上級,正社員,2008-09-09,24
825,EMP000825,前田 由美,25,係長,15,上級,正社員,2010-10-18,13
826,EMP000826,伊藤 明,25,係長,8,中級,パート,2017-12-23,7
827,EMP000827,佐々木 理恵,25,係長,8,中級,正社員,2017-07-13,7
828,EMP000828,佐々木 明,25,係長,16,上級,派遣,2010-01-09,13
829,EMP000829,中島 和也,25,主任,9,中級,正社員,2016-04-19,8
830,EMP000830,阿部 太郎,25,主任,12,中級,パート,2013-09-20,9
831,EMP000831,斎藤 健太,25,主任,9,中級,正社員,2016-09-08,8
832,EMP000832,山田 和也,25,主任,9,中級,正社員,2016-10-13,10
833,EMP000833,清水 裕介,25,主任,5,中級,パート,2020-02-15,7
834,EMP000834,佐藤 浩,25,主任,12,中級,正社員,2013-05-11,12
835,EMP000835,中村 博,25,一般職員,2,初級,正社員,2023-12-19,1
836,EMP000836,池田 健,25,一般職員,0,初級,正社員,2025-02-02,3
837,EMP000837,渡辺 秀樹,25,一般職員,5,中級,正社員,2020-09-01,4
838,EMP000838,中村 舞,25,一般職員,5,中級,正社員,2020-10-25,5
839,EMP000839,井上 舞,25,一般職員,4,初級,パート,2021-05-10,6
840,EMP000840,阿部 健太,25,一般職員,9,中級,正社員,2016-11-10,9
841,EMP000841,渡辺 香織,25,一般職員,6,中級,パート,2020-01-12,7
842,EMP000842,田中 一郎,25,一般職員,5,中級,正社員,2020-09-18,4
843,EMP000843,山口 秀樹,25,一般職員,6,中級,正社員,2019-01-27,7
844,EMP000844,木村 花子,25,一般職員,6,中級,派遣,2019-12-27,6
845,EMP000845,森 浩,25,一般職員,1,初級,正社員,2024-08-06,4
846,EMP000846,池田 健,25,一般職員,10,中級,正社員,2015-09-06,11
847,EMP000847,池田 未来,25,一般職員,7,中級,正社員,2018-03-23,6
848,EMP000848,斎藤 浩,25,一般職員,10,中級,パート,2015-04-08,9
849,EMP000849,鈴木 一郎,25,一般職員,6,中級,正社員,2019-02-18,6
